F ACHILLES.UK;1                     	achilles.doc.ic.ac.uk
F BIGEARS_.UK;1                     	bigears.doc.ic.ac.uk
F DYLAN_DO.UK;1                     	dylan.doc.ic.ac.uk
F FLAMINGO.UK;1                     	flamingo.doc.ic.ac.uk
F GANYMEDE.UK;1                     	ganymede.doc.ic.ac.uk
F GOULD_DO.UK;1                     	gould.doc.ic.ac.uk
F GUMMO_DO.UK;1                     	gummo.doc.ic.ac.uk
F IVAX_DOC.UK;1                     	ivax.doc.ic.ac.uk
F OBSIDIAN.UK;1                     	obsidian.doc.ic.ac.uk
F PELICAN_.UK;1                     	pelican.doc.ic.ac.uk
F RVAX_DOC.UK;1                     	rvax.doc.ic.ac.uk
F SKY_DOC_.UK;1                     	sky.doc.ic.ac.uk
F SVAX_DOC.UK;1                     	svax.doc.ic.ac.uk
F TCSUN1_D.UK;1                     	tcsun1.doc.ic.ac.uk
F TCSUN2_D.UK;1                     	tcsun2.doc.ic.ac.uk
F TCSUN3_D.UK;1                     	tcsun3.doc.ic.ac.uk
F TCSUN4_D.UK;1                     	tcsun4.doc.ic.ac.uk
F TCSUN5_D.UK;1                     	tcsun5.doc.ic.ac.uk
F TOYTOWN_.UK;1                     	toytown.doc.ic.ac.uk
F TRUTH_DO.UK;1                     	truth.doc.ic.ac.uk
F TSUN10_D.UK;1                     	tsun10.doc.ic.ac.uk
F TSUN11_D.UK;1                     	tsun11.doc.ic.ac.uk
F TSUN12_D.UK;1                     	tsun12.doc.ic.ac.uk
F TSUN13_D.UK;1                     	tsun13.doc.ic.ac.uk
F TSUN14_D.UK;1                     	tsun14.doc.ic.ac.uk
F TSUN15_D.UK;1                     	tsun15.doc.ic.ac.uk
F TSUN16_D.UK;1                     	tsun16.doc.ic.ac.uk
F TSUN17_D.UK;1                     	tsun17.doc.ic.ac.uk
F TSUN18_D.UK;1                     	tsun18.doc.ic.ac.uk
F TSUN19_D.UK;1                     	tsun19.doc.ic.ac.uk
F TSUN1_DO.UK;1                     	tsun1.doc.ic.ac.uk
F TSUN2_DO.UK;1                     	tsun2.doc.ic.ac.uk
F TSUN3_DO.UK;1                     	tsun3.doc.ic.ac.uk
F TSUN4_DO.UK;1                     	tsun4.doc.ic.ac.uk
F TSUN5_DO.UK;1                     	tsun5.doc.ic.ac.uk
F TSUN6_DO.UK;1                     	tsun6.doc.ic.ac.uk
F TSUN7_DO.UK;1                     	tsun7.doc.ic.ac.uk
F TSUN8_DO.UK;1                     	tsun8.doc.ic.ac.uk
F TSUN9_DO.UK;1                     	tsun9.doc.ic.ac.uk
F TSUNFS_D.UK;1                     	tsunfs.doc.ic.ac.uk
F WHOOPS_D.UK;1                     	whoops.doc.ic.ac.uk
