Here is a list of abbreviations for all Adobe fonts as of November 4,
1991, according to the scheme described in `fontname.texi'.

Well, mostly according to that scheme.  Some of Adobe's names defied
convention.  I played it by ear for those with start with `z', as well
as a few others.

And some fonts I wasn't willing to assign any names at all to, because I
didn't know what Adobe's names actually meant.  You can find those by
searching for `xx'.

karl@cs.umb.edu


Here is some possibly interesting information that
ps-file-server@adobe.com prepended to its list of AFM files.  I haven't
tried to give names to the acfm fonts.

NEW:  This directory now contains AFM files for some Japanese fonts. 
These are AFM 3.0 files and conform to the AFM 3.0 specification that 
can retrieved from the Documents directory.  These AFM files describe 
what are known as "composite fonts" in the PostScript language. 
A composite font is what is sounds like -- a font which contains other
fonts, instead of containing character shape descriptions.  In order to
describe the hierarchical structure, we have created an ACFM file. 
Composite fonts, like all fonts, still have AFM files which describe
the metrics of individual characters in the font.  ACFM files are named
with the font name and the extension ".acfm"; AFM files are named with
the font name and no extension. 

This index is now broken out into ACFM files, followed by AFM files. 
In addition, the Japanese font names contain information relating to 
the character set and character encoding in that font.  Here is the 
key for that information:

Example: GothicBBB-Medium-83pv-RKSJ-H

  GothicBBB-Medium = typeface name
  83pv	= character set
  RKSJ	= character encoding
  H		= writing direction

Different character set names include:

  (nothing) = JIS 1983 character set (Japanese Industrial Standard)
  83pv	= Macintosh character set
  Add	= Fujitsu FM series character set
  Ext	= NEC PC-9800 character set
  78	= JIS 1978 character set (now obselete)

Character encodings include:

  RKSJ = Romaji, Kana, Shift-JIS (most common encoding on Japanese PCs)
  (nothing) = JIS (the default)

Writing directions include:

  H = Horizontal
  V = Vertical

ALSO:  Since the Japanese character is very large, so are the 
corresponding AFM files.  Because of this, the large AFM files are also
offered in a compressed form (with the extension ".Zba").  This 
compressed form was created from the original AFM file that was run 
through the UNIX(TM) utilities "compress" and "btoa".  Don't retrieve 
these files unless you have "atob" and "compress".  ["atob" source 
is on the server in the Programs category.]


NOTE:  Previous updates to this directory have overwriten all files 
with a new date regardless of whether or not the AFM file had actually
changed.  The latest update to this directory, restored the file
modification dates to the dates the files were actually last modified.
This means that files that were previously time-stamped Jan 5, 1990
may now actually have time-stamps that date back to 1989, 1988 and even
1987.  I think this will be easier, in the long run, to actually find 
out if data has really changed -- rather than having people think that
they need *all* of the AFM files.  Sorry for any confusion this may
cause.

And here are some clarifications from rivlinj@watson.ibm.com:

Date: Mon, 18 May 92 13:08:05 EDT
From: "Jean K. Rivlin" <rivlinj@watson.ibm.com>

BBodoni is Berthold Bodoni not Bauer Bodoni

OsF     refers to Old Style Figures, usually Small Caps and Old Style Figures
        are packages together as a single typeface
Suffix:   'A' on typeface names, such as American Typewriter BoldA and
        Arcadia-A, refers to 'alternate' style of some characters, such as
        the ampersand
          'Dfr' refers to a typeface which has only characters which differ
        from the base typeface.

Nord    refers to a heavy bold expanded typeface

Names     Any single name, such as Birch, is simply a new typeface name. If
        the AFM says 'EncodingScheme AdobeStandardEncoding' it is a standard
        typographic font.
          A name which includes 'PI' is always a collection of weird symbols
        for specific purposes, as is Mathematical Pi or Border Pi. The
        AFM will always say 'EncodingScheme FontSpecific'.

DIN as prefix:  Stands for German (Deutsch) Industrial Standard (Normal).

pacba	ACaslon-AltBold
pacbai	ACaslon-AltBoldItalic
pacrai	ACaslon-AltItalic
pacra	ACaslon-AltRegular
pacsa	ACaslon-AltSemibold
pacsai	ACaslon-AltSemiboldItalic
pacb	ACaslon-Bold
pacbi	ACaslon-BoldItalic
pacri	ACaslon-Italic
pacrp	ACaslon-Ornaments
pacr	ACaslon-Regular
pacs	ACaslon-Semibold
pacsi	ACaslon-SemiboldItalic
pacbwi	ACaslon-SwashBoldItalic
pacrwi	ACaslon-SwashItalic
pacswi	ACaslon-SwashSemiboldItalic
pacbx	ACaslonExp-Bold
pacbix	ACaslonExp-BoldItalic
pacrix	ACaslonExp-Italic
pacrx	ACaslonExp-Regular
pacsx	ACaslonExp-Semibold
pacsix	ACaslonExp-SemiboldItalic
padb	AGaramond-Bold
padbi	AGaramond-BoldItalic
padri	AGaramond-Italic
padr	AGaramond-Regular
pads	AGaramond-Semibold
padsi	AGaramond-SemiboldItalic
padrd	AGaramond-Titling
padrai	AGaramondAlt-Italic
padra	AGaramondAlt-Regular
padbx	AGaramondExp-Bold
padbxi	AGaramondExp-BoldItalic
padrxi	AGaramondExp-Italic
padrx	AGaramondExp-Regular
padsx	AGaramondExp-Semibold
padsxi	AGaramondExp-SemiboldItalic
paab	Aachen-Bold
pazc	AkzidenzGrotesk-Black
pazb	AkzidenzGrotesk-Bold
pazl	AkzidenzGrotesk-Light
pazr	AkzidenzGrotesk-Roman
palr	AlbertusMT
palri	AlbertusMT-Italic
pall	AlbertusMT-Light
pasri	Aldus-Italic
pasr9i	Aldus-ItalicOsF
pasr	Aldus-Roman
pasrc	Aldus-RomanSC
patb	AmericanTypewriter-Bold
patbac	AmericanTypewriter-BoldA
patbrc	AmericanTypewriter-BoldCond
patbac	AmericanTypewriter-BoldCondA
patrrc	AmericanTypewriter-Cond
patrac	AmericanTypewriter-CondA
patl	AmericanTypewriter-Light
patla	AmericanTypewriter-LightA
patlrc	AmericanTypewriter-LightCond
patlac	AmericanTypewriter-LightCondA
patr	AmericanTypewriter-Medium
patra	AmericanTypewriter-MediumA
pamr	Americana
pamb	Americana-Bold
pamx	Americana-ExtraBold
pamri	Americana-Italic
paoc	AntiqueOlive-Black
paob	AntiqueOlive-Bold
paobc	AntiqueOlive-BoldCond
paorrn	AntiqueOlive-Compact
paori	AntiqueOlive-Italic
paol	AntiqueOlive-Light
paohrx	AntiqueOlive-Nord
paohix	AntiqueOlive-NordItalic
paor	AntiqueOlive-Roman
parr	Arcadia
para	Arcadia-A
pabr	ArnoldBoecklin
zpaulhpi AudioLH-Pi
paur	Auriol
pauc	Auriol-Black
pauci	Auriol-BlackItalic
paub	Auriol-Bold
pauci	Auriol-BoldItalic
pauri	Auriol-Italic
pagb	AvantGarde-Bold
pagbo	AvantGarde-BoldObl
pagk	AvantGarde-Book
pagko	AvantGarde-BookOblique
pagbrc	AvantGarde-CondBold
pagkrc	AvantGarde-CondBook
pagdrc	AvantGarde-CondDemi
pagmrc	AvantGarde-CondMedium
pagd	AvantGarde-Demi
pagdo	AvantGarde-DemiOblique
pagi	AvantGarde-ExtraLight
pagio	AvantGarde-ExtraLightObl
pagm	AvantGarde-Medium
pagmo	AvantGarde-MediumObl
pavc	Avenir-Black
pavco	Avenir-BlackOblique
pavk	Avenir-Book
pavko	Avenir-BookOblique
pavh	Avenir-Heavy
pavho	Avenir-HeavyOblique
pavl	Avenir-Light
pavlo	Avenir-LightOblique
pavm	Avenir-Medium
pavmo	Avenir-MediumOblique
pavro	Avenir-Oblique
pavr	Avenir-Roman
ptbb	BBodoni-Bold
ptbbi	BBodoni-BoldItalic
ptbri	BBodoni-Italic
ptbl	BBodoni-Light
ptbli	BBodoni-LightItalic
ptbm	BBodoni-Medium
ptbmi	BBodoni-MediumItalic
ptbr	BBodoni-Regular
pbsr	BakerSignet
pbcr	Banco
pubc	BauerBodoni-Black
pubcrc	BauerBodoni-BlackCond
pubci	BauerBodoni-BlackItalic
pubb	BauerBodoni-Bold
pubbrc	BauerBodoni-BoldCond
pubbi	BauerBodoni-BoldItalic
pubb9i	BauerBodoni-BoldItalicOsF
pubb9	BauerBodoni-BoldOsF
pubri	BauerBodoni-Italic
pubr9i	BauerBodoni-ItalicOsF
pubr	BauerBodoni-Roman
pubrc	BauerBodoni-RomanSC
pbhb	Bauhaus-Bold
pbhd	Bauhaus-Demi
pbhh	Bauhaus-Heavy
pbhl	Bauhaus-Light
pbhm	Bauhaus-Medium
pblb	Belwe-Bold
pblrrc	Belwe-Condensed
pbll	Belwe-Light
pblm	Belwe-Medium
pbbr	Bembo
pbbb	Bembo-Bold
pbbbi	Bembo-BoldItalic
pbbx	Bembo-ExtraBold
pbbxi	Bembo-ExtraBoldItalic
pbbri	Bembo-Italic
pbbs	Bembo-Semibold
pbbsi	Bembo-SemiboldItalic
pbgb	Benguiat-Bold
pbgk	Benguiat-Book
pugb	BenguiatGothic-Bold
pugbo	BenguiatGothic-BoldOblique
pugk	BenguiatGothic-Book
pugko	BenguiatGothic-BookOblique
pugh	BenguiatGothic-Heavy
pugho	BenguiatGothic-HeavyOblique
pugm	BenguiatGothic-Medium
pugmo	BenguiatGothic-MediumOblique
pbyc	Berkeley-Black
pbyci	Berkeley-BlackItalic
pbyb	Berkeley-Bold
pbybi	Berkeley-BoldItalic
pbyk	Berkeley-Book
pbyki	Berkeley-BookItalic
pbymi	Berkeley-Italic
pbym	Berkeley-Medium
pbrb	Berling-Bold
pbrbi	Berling-BoldItalic
pbrri	Berling-Italic
pbrr	Berling-Roman
pbir	Birch
pb0r	Blackoak
pbdr	Bodoni
pbdb	Bodoni-Bold
pbdbrc	Bodoni-BoldCondensed
pbdbi	Bodoni-BoldItalic
pbdk	Bodoni-Book
pbdki	Bodoni-BookItalic
pbdri	Bodoni-Italic
pbdp	Bodoni-Poster
pbdprn	Bodoni-PosterCompressed
pbdrpi	Bodoni-PosterItalic
pbkb	Bookman-Bold
pbkbi	Bookman-BoldItalic
pbkd	Bookman-Demi
pbkdi	Bookman-DemiItalic
pbkl	Bookman-Light
pbkli	Bookman-LightItalic
pbkm	Bookman-Medium
pbkmi	Bookman-MediumItalic
zpb15159	BorderPi-OneFiveOneFiveNine
pburw	BrushScript
pbp1	BundesbahnPi-One
pbp3	BundesbahnPi-Three
pbp2	BundesbahnPi-Two
pilb	Caecilia-Bold
pilbi	Caecilia-BoldItalic
pilbci	Caecilia-BoldItalicSC
pilbc	Caecilia-BoldSC
pilh	Caecilia-Heavy
pilhi	Caecilia-HeavyItalic
pilhci	Caecilia-HeavyItalicSC
pilhc	Caecilia-HeavySC
pilri	Caecilia-Italic
pilrci	Caecilia-ItalicSC
pill	Caecilia-Light
pilli	Caecilia-LightItalic
pillci	Caecilia-LightItalicSC
pillc	Caecilia-LightSC
pilr	Caecilia-Roman
pilrc	Caecilia-RomanSC
xx	Californian
pcib	Candida-Bold
pciri	Candida-Italic
pcir	Candida-Roman
pc0r	Carolina
pc0ra	Carolina-Dfr
prtr	Carta
pccrw	CascadeScript
pc5ri	CaslonFiveForty-Italic
pc5r9i	CaslonFiveForty-ItalicOsF
pc5r	CaslonFiveForty-Roman
pc5rc	CaslonFiveForty-RomanSC
pcarl	CaslonOpenFace
pc3ri	CaslonThree-Italic
pc3r9i	CaslonThree-ItalicOsF
pc3r	CaslonThree-Roman
pc3rc	CaslonThree-RomanSC
pc2c	CaslonTwoTwentyFour-Black
pc2ci	CaslonTwoTwentyFour-BlackIt
pc2b	CaslonTwoTwentyFour-Bold
pc2bi	CaslonTwoTwentyFour-BoldIt
pc2k	CaslonTwoTwentyFour-Book
pc2ki	CaslonTwoTwentyFour-BookIt
pc2m	CaslonTwoTwentyFour-Medium
pc2mi	CaslonTwoTwentyFour-MediumIt
ptlr	CastellarMT
pcxb	Caxton-Bold
pcxbi	Caxton-BoldItalic
pcxk	Caxton-Book
pcxki	Caxton-BookItalic
pcxl	Caxton-Light
pcxli	Caxton-LightItalic
purr	CentaurMT
purb	CentaurMT-Bold
purbi	CentaurMT-BoldItalic
purbi	CentaurMT-Italic
xx	CentaurMT-ItalicA
pcec	Centennial-Black
pcec9	Centennial-BlackOsF
pceci	Centennial-BlackItalic
pcec9i	Centennial-BlackItalicOsF
pceb	Centennial-Bold
pceb9	Centennial-BoldOsF
pcebi	Centennial-BoldItalic
pceb9i	Centennial-BoldItalicOsF
pceri	Centennial-Italic
pcer9i	Centennial-ItalicOsF
pcel	Centennial-Light
pceli	Centennial-LightItalic
pcel9i	Centennial-LightItalicOsF
pcelc	Centennial-LightSC
pcer	Centennial-Roman
pcerc	Centennial-RomanSC
pcnb	Century-Bold
pcnbrc	Century-BoldCondensed
pcnbic	Century-BoldCondensedItalic
pcnbi	Century-BoldItalic
pcnk	Century-Book
pcnkrc	Century-BookCondensed
pcnkic	Century-BookCondensedItalic
pcnki	Century-BookItalic
pcnl	Century-Light
pcnlrc	Century-LightCondensed
pcnlic	Century-LightCondensedItalic
pcnli	Century-LightItalic
pcnu	Century-Ultra
pcnurc	Century-UltraCondensed
pcnuic	Century-UltraCondensedItalic
pcnui	Century-UltraItalic
pcnrrx	CenturyExpanded
pcnrix	CenturyExpanded-Italic
pcub	CenturyOldStyle-Bold
pcubi	CenturyOldStyle-Italic
pcubr	CenturyOldStyle-Regular
pcgb	Charlemagne-Bold
pcgr	Charlemagne-Regular
phmr	Charme
pctb	Cheltenham-Bold
pctbrc	Cheltenham-BoldCond
pctbic	Cheltenham-BoldCondItalic
pctbi	Cheltenham-BoldItalic
pctk	Cheltenham-Book
pctkrc	Cheltenham-BookCond
pctkic	Cheltenham-BookCondItalic
pctki	Cheltenham-BookItalic
pctl	Cheltenham-Light
pctlrc	Cheltenham-LightCond
pctlic	Cheltenham-LightCondItalic
pctli	Cheltenham-LightItalic
pctu	Cheltenham-Ultra
pctrro	Cheltenham-UltraCond
pctrio	Cheltenham-UltraCondItalic
pctui	Cheltenham-UltraItalic
pcqr	Cheq
pcyb	City-Bold
pcybi	City-BoldItalic
pcyl	City-Light
pcyli	City-LightItalic
pcym	City-Medium
pcymi	City-MediumItalic
pcvr	Clairvaux
pcvra	Clairvaux-Dfr
pcdm	Clarendon
pcdb	Clarendon-Bold
pcdl	Clarendon-Light
pcfc	Clearface-Black
pcfci	Clearface-BlackItalic
pcfb	Clearface-Bold
pcfbi	Clearface-BoldItalic
pcfh	Clearface-Heavy
pcfhi	Clearface-HeavyItalic
pcfr	Clearface-Regular
pcfri	Clearface-RegularItalic
pcfcf	ClearfaceGothicLH-Black
pcfbf	ClearfaceGothicLH-Bold
pcflf	ClearfaceGothicLH-Light
pcfmf	ClearfaceGothicLH-Medium
pcfrf	ClearfaceGothicLH-Roman
pcor	Cochin
pcob	Cochin-Bold
pcobi	Cochin-BoldItalic
pcori	Cochin-Italic
pocb	Concorde-Bold
pocbi	Concorde-BoldItalic
pocri	Concorde-Italic
pocr	Concorde-Roman
pcbr	CooperBlack
pcbri	CooperBlack-Italic
zpcp30ab	Copperplate-ThirtyAB
zpcp30bc	Copperplate-ThirtyBC
zpcp31ab	Copperplate-ThirtyOneAB
zpcp31bc	Copperplate-ThirtyOneBC
zpcp33bc	Copperplate-ThirtyThreeBC
zpcp32ab	Copperplate-ThirtyTwoAB
zpcp32bc	Copperplate-ThirtyTwoBC
zpcp29ab	Copperplate-TwentyNineAB
zpcp29bc	Copperplate-TwentyNineBC
ponr	Corona
ponb	Corona-Bold
ponri	Corona-Italic
pcwr	Cottonwood
pcrr	Courier
pcrb	Courier-Bold
pcrbo	Courier-BoldOblique
pcrro	Courier-Oblique
puhb	Cushing-Bold
puhbi	Cushing-BoldItalic
puhk	Cushing-Book
puhki	Cushing-BookItalic
puhh	Cushing-Heavy
puhhi	Cushing-HeavyItalic
puhm	Cushing-Medium
puhmi	Cushing-MediumItalic
pehr	DINEngschrift
plsr	DINMittelschrift
pzgbrc	DINNeuzeitGrotesk-BoldCond
pzgl	DINNeuzeitGrotesk-Light
pdcr	DomCasual
pdcb	DomCasual-Bold
pddr	DucDeBerry
pddra	DucDeBerry-Dfr
zpeeclhp EECLH-Pi
zpngvlhb EngraversLH-BoldFace
pefc	EgyptienneF-Black
pefb	EgyptienneF-Bold
pefri	EgyptienneF-Italic
pefi	EgyptienneF-Roman
pep4	EuropeanPi-Four
pep1	EuropeanPi-One
pep3	EuropeanPi-Three
pep2	EuropeanPi-Two
pdrb	Doric-Bold
pesr	Eurostile
pesb	Eurostile-Bold
pesbrc	Eurostile-BoldCondensed
pesb2x	Eurostile-BoldExtendedTwo
pesbo	Eurostile-BoldOblique
pesrrc	Eurostile-Condensed
pesd	Eurostile-Demi
pesdo	Eurostile-DemiOblique
pesr2x	Eurostile-ExtendedTwo
pesro	Eurostile-Oblique
pexr	Excelsior
pexb	Excelsior-Bold
pexri	Excelsior-Italic
pfnb	Fenice-Bold
pfnbo	Fenice-BoldOblique
pfnl	Fenice-Light
pfnlo	Fenice-LightOblique
pfnr	Fenice-Regular
pfnro	Fenice-RegularOblique
pfnu	Fenice-Ultra
pfnuo	Fenice-UltraOblique
pftrf	FetteFraktur
pftrfa	FetteFraktur-Dfr
pfycrc	Flyer-BlackCondensed
pfyxrc	Flyer-ExtraBlackCondensed
pfob	Folio-Bold
pfobrc	Folio-BoldCondensed
pfox	Folio-ExtraBold
pfol	Folio-Light
pfom	Folio-Medium
pfab	Formata-Bold
pfabi	Formata-BoldItalic
pfari	Formata-Italic
pfal	Formata-Light
pfali	Formata-LightItalic
pfam	Formata-Medium
pfami	Formata-MediumItalic
pfar	Formata-Regular
pfgk	FranklinGothic-Book
pfgko	FranklinGothic-BookOblique
pfgrrc	FranklinGothic-Condensed
pfgd	FranklinGothic-Demi
pfgdo	FranklinGothic-DemiOblique
pfgrro	FranklinGothic-ExtraCond
pfgh	FranklinGothic-Heavy
pfgho	FranklinGothic-HeavyOblique
pfgr	FranklinGothic-Roman
pfsrw	FreestyleScript
pfqr	FrizQuadrata
pfqb	FrizQuadrata-Bold
pfrc	Frutiger-Black
pfrcrc	Frutiger-BlackCn
pfrci	Frutiger-BlackItalic
pfrb	Frutiger-Bold
pfrbrc	Frutiger-BoldCn
pfrbi	Frutiger-BoldItalic
pfrxrc	Frutiger-ExtraBlackCn
pfri	Frutiger-Italic
pfrl	Frutiger-Light
pfrlrc	Frutiger-LightCn
pfli	Frutiger-LightItalic
pfr	Frutiger-Roman
pfrrc	Frutiger-Cn
pfru	Frutiger-UltraBlack
pfur	Futura
pfub	Futura-Bold
pfubo	Futura-BoldOblique
pfuk	Futura-Book
pfuko	Futura-BookOblique
pfuxoc	Futura-CondExtraBoldObl
pfurrc	Futura-Condensed
pfubrc	Futura-CondensedBold
pfuboc	Futura-CondensedBoldOblique
pfuxrc	Futura-CondensedExtraBold
pfulrc	Futura-CondensedLight
pfuloc	Futura-CondensedLightOblique
pfuroc	Futura-CondensedOblique
pfux	Futura-ExtraBold
pfuxo	Futura-ExtraBoldOblique
pfuh	Futura-Heavy
pfuho	Futura-HeavyOblique
pful	Futura-Light
pfulo	Futura-LightOblique
pfuro	Futura-Oblique
pglc	Galliard-Black
pglci	Galliard-BlackItalic
pglb	Galliard-Bold
pglbi	Galliard-BoldItalic
pglri	Galliard-Italic
pglr	Galliard-Roman
pglu	Galliard-Ultra
pglui	Galliard-UltraItalic
pgmb	Garamond-Bold
pgmbrc	Garamond-BoldCondensed
pgmbic	Garamond-BoldCondensedItalic
pgmbi	Garamond-BoldItalic
pgmk	Garamond-Book
pgmkrc	Garamond-BookCondensed
pgmkic	Garamond-BookCondensedItalic
pgmki	Garamond-BookItalic
pgml	Garamond-Light
pgmlrc	Garamond-LightCondensed
pgmlic	Garamond-LightCondensedItalic
pgmli	Garamond-LightItalic
pgmu	Garamond-Ultra
pgmurc	Garamond-UltraCondensed
pgmuic	Garamond-UltraCondensedItalic
pgmui	Garamond-UltraItalic
pg3r	GaramondThree
pg3b	GaramondThree-Bold
pg3bi	GaramondThree-BoldItalic
pg3b9i	GaramondThree-BoldItalicOsF
pg3bc	GaramondThree-BoldSC
pg3ri	GaramondThree-Italic
pg3r9i	GaramondThree-ItalicOsF
pg3rc	GaramondThree-SC
pggr	GarthGraphic
pggc	GarthGraphic-Black
pggb	GarthGraphic-Bold
pggbrc	GarthGraphic-BoldCondensed
pggbi	GarthGraphic-BoldItalic
pggrrc	GarthGraphic-Condensed
pggx	GarthGraphic-ExtraBold
pggri	GarthGraphic-Italic
pgsr	GillSans
pgsb	GillSans-Bold
pgsbrc	GillSans-BoldCondensed
pgsbi	GillSans-BoldItalic
pgcrrc	GillSans-Condensed
pgcx	GillSans-ExtraBold
pgsri	GillSans-Italic
pgsl	GillSans-Light
pgsli	GillSans-LightItalic
pgsu	GillSans-UltraBold
pgsurc	GillSans-UltraBoldCondensed
pgvc	Giovanni-Black
pgvci	Giovanni-BlackItalic
pgvb	Giovanni-Bold
pgvbi	Giovanni-BoldItalic
pgvk	Giovanni-Book
pgvki	Giovanni-BookItalic
pgpr	Glypha
pgpc	Glypha-Black
pgpco	Glypha-BlackOblique
pgpb	Glypha-Bold
pgpbo	Glypha-BoldOblique
pgpl	Glypha-Light
pgplo	Glypha-LightOblique
pgpro	Glypha-Oblique
pgprrt	Glypha-Thin
pgprot	Glypha-ThinOblique
pg1r	Gothic-Thirteen
zpgbm7h	GothicBBB-Medium-78-H
zpgbm7v	GothicBBB-Medium-78-V
zpgbm8rh GothicBBB-Medium-83pv-RKSJ-H
zpgbmah	GothicBBB-Medium-Add-H
zpgbmav	GothicBBB-Medium-Add-V
zpgbmeh	GothicBBB-Medium-Ext-H
zpgbmev	GothicBBB-Medium-Ext-V
zpgbmh	GothicBBB-Medium-H
zpgbmv	GothicBBB-Medium-V
pgyr	Goudy
pgyb	Goudy-Bold
pgybi	Goudy-BoldItalic
pgyx	Goudy-ExtraBold
pgyh	Goudy-Heavyface
pgyhi	Goudy-HeavyfaceItalic
pgyri	Goudy-Italic
pgyrc	Goudy-SC
pgtr	GoudyTextMT
pgtra	GoudyTextMT-Alternate
pgtr2	GoudyTextMT-Dfr
pgtrd	GoudyTextMT-LombardicCapitals
pgjr	Granjon
pgjb	Granjon-Bold
pgjb9	Granjon-BoldOsF
pgjri	Granjon-Italic
pgjb9i	Granjon-ItalicOsF
pgjrc	Granjon-SC
pguc	Guardi-Black
pguci	Guardi-BlackItalic
pgub	Guardi-Bold
pgubi	Guardi-BoldItalic
pguri	Guardi-Italic
pgur	Guardi-Roman
phvr	Helvetica
phvc	Helvetica-Black
phvco	Helvetica-BlackOblique
phvb	Helvetica-Bold
phvbo	Helvetica-BoldOblique
phvbrp	Helvetica-Compressed
phvrrc	Helvetica-Condensed
phvcrc	Helvetica-Condensed-Black
phvcoc	Helvetica-Condensed-BlackObl
phvbrc	Helvetica-Condensed-Bold
phvboc	Helvetica-Condensed-BoldObl
phvlrc	Helvetica-Condensed-Light
phvloc	Helvetica-Condensed-LightObl
phvroc	Helvetica-Condensed-Oblique
phvrrq	Helvetica-ExtraCompressed
phvr3	Helvetica-Fraction
phvb3	Helvetica-FractionBold
phvl	Helvetica-Light
phvlo	Helvetica-LightOblique
phvrrn	Helvetica-Narrow
phvbrn	Helvetica-Narrow-Bold
phvbon	Helvetica-Narrow-BoldOblique
phvron	Helvetica-Narrow-Oblique
phvro	Helvetica-Oblique
phvrru	Helvetica-UltraCompressed
phir	HelveticaInserat-Roman
phnc	HelveticaNeue-Black
phncrc	HelveticaNeue-BlackCond
phncoc	HelveticaNeue-BlackCondObl
phncrx	HelveticaNeue-BlackExt
phncox	HelveticaNeue-BlackExtObl
phnci	HelveticaNeue-BlackItalic
phnb	HelveticaNeue-Bold
phnbi	HelveticaNeue-BoldItalic
phnbrc	HelveticaNeue-BoldCond
phnboc	HelveticaNeue-BoldCondObl
phnbrx	HelveticaNeue-BoldExt
phnbox	HelveticaNeue-BoldExtObl
phnbl	HelveticaNeue-BoldOutline
phnrrc	HelveticaNeue-Condensed
phnroc	HelveticaNeue-CondensedObl
phnxrc	HelveticaNeue-ExtBlackCond
phnxoc	HelveticaNeue-ExtBlackCondObl
phnrrx	HelveticaNeue-Extended
phnrox	HelveticaNeue-ExtendedObl
phnh	HelveticaNeue-Heavy
phnhrc	HelveticaNeue-HeavyCond
phnhoc	HelveticaNeue-HeavyCondObl
phnhrx	HelveticaNeue-HeavyExt
phnhox	HelveticaNeue-HeavyExtObl
phnhi	HelveticaNeue-HeavyItalic
phnri	HelveticaNeue-Italic
phnl	HelveticaNeue-Light
phnlrc	HelveticaNeue-LightCond
phnloc	HelveticaNeue-LightCondObl
phnlrx	HelveticaNeue-LightExt
phnlox	HelveticaNeue-LightExtObl
phnli	HelveticaNeue-LightItalic
phnm	HelveticaNeue-Medium
phnmrc	HelveticaNeue-MediumCond
phnmoc	HelveticaNeue-MediumCondObl
phnmrx	HelveticaNeue-MediumExt
phnmox	HelveticaNeue-MediumExtObl
phnmi	HelveticaNeue-MediumItalic
phnr	HelveticaNeue-Roman
phnrrt	HelveticaNeue-Thin
phnhrc	HelveticaNeue-ThinCond
phnhoc	HelveticaNeue-ThinCondObl
phnrrx	HelveticaNeue-ThinExt
phnrox	HelveticaNeue-ThinExtObl
phnrit	HelveticaNeue-ThinItalic
phnjrc	HelveticaNeue-UltraLigCond
phnjoc	HelveticaNeue-UltraLigCondObl
phnjrx	HelveticaNeue-UltraLigExt
phnjox	HelveticaNeue-UltraLigExtObl
phnj	HelveticaNeue-UltraLight
phnji	HelveticaNeue-UltraLightItal
phrc	HelveticaRounded-Black
phrco	HelveticaRounded-BlackObl
phrb	HelveticaRounded-Bold
phrbrc	HelveticaRounded-BoldCond
phrboc	HelveticaRounded-BoldCondObl
phrbo	HelveticaRounded-BoldObl
phcr	Herculanum
phgc	Hiroshige-Black
phgci	Hiroshige-BlackItalic
phgb	Hiroshige-Bold
phgbi	Hiroshige-BoldItalic
phgk	Hiroshige-Book
phgki	Hiroshige-BookItalic
phgm	Hiroshige-Medium
phgmi	Hiroshige-MediumItalic
phbr	Hobo
pimk	Imago-Book
pimki	Imago-BookItalic
pimx	Imago-ExtraBold
pimxi	Imago-ExtraBoldItalic
piml	Imago-Light
pimli	Imago-LightItalic
pimm	Imago-Medium
pimmi	Imago-MediumItalic
picr	Impact
pipb	Impressum-Bold
pipri	Impressum-Italic
pipr	Impressum-Roman
piwr	Ironwood
ping	Industria-Inline
pinga	Industria-InlineA
pinr	Industria-Solid
pinra	Industria-SolidA
piar	Insignia
piara	Insignia-A
pitb	Italia-Bold
pitk	Italia-Book
pitm	Italia-Medium
ierb	ItcEras-Bold
ierk	ItcEras-Book
ierd	ItcEras-Demi
ierl	ItcEras-Light
ierm	ItcEras-Medium
ieru	ItcEras-Ultra
ikbb	ItcKabel-Bold
ikbk	ItcKabel-Book
ikbd	ItcKabel-Demi
ikbm	ItcKabel-Medium
ikbu	ItcKabel-Ultra
isyc	ItcSymbol-Black
isyci	ItcSymbol-BlackItalic
isyb	ItcSymbol-Bold
isybi	ItcSymbol-BoldItalic
isyk	ItcSymbol-Book
isyki	ItcSymbol-BookItalic
isym	ItcSymbol-Medium
isymi	ItcSymbol-MediumItalic
pjnb	JansonText-Bold
pjnbi	JansonText-BoldItalic
pjnb9i	JansonText-BoldItalicOsF
pjnb9	JansonText-BoldOsF
pjnr9i	JansonText-ItalicOsF
pjnri	JansonText-Italic
pjnr	JansonText-Roman
pjnrc	JansonText-RomanSC
pjor	JoannaMT
pjob	JoannaMT-Bold
pjobi	JoannaMT-BoldItalic
pjox	JoannaMT-ExtraBold
pjori	JoannaMT-Italic
pjos	JoannaMT-SemiBold
pjosi	JoannaMT-SemiBoldItalic
pjpr	Juniper
pkbc	Kabel-Black
pkbk	Kabel-Book
pkbh	Kabel-Heavy
pkbl	Kabel-Light
pkur	Kaufmann
pkub	Kaufmann-Bold
pkrb	Korinna-Bold
pkrbi	Korinna-KursivBold
pkrri	Korinna-KursivRegular
pkrr	Korinna-Regular
pksc	KuenstlerScript-Black
pksm	KuenstlerScript-Medium
pksr2	KuenstlerScript-TwoBold
zplastp1 LAstrologyPi-One
zplastp2 LAstrologyPi-Two
zpldecp1 LDecorationPi-One
zpldecp2 LDecorationPi-Two
zplcdp	LGamePi-ChessDraughts
zplddp	LGamePi-DiceDominoes
zplecp	LGamePi-EnglishCards
zplfcp	LGamePi-FrenchCards
zplhyp1	LHolidayPi-One
zplhyp2	LHolidayPi-Two
zplhyp3	LHolidayPi-Three
plwc	Leawood-Black
plwci	Leawood-BlackItalic
plwb	Leawood-Bold
plwbi	Leawood-BoldItalic
plwk	Leawood-Book
plwki	Leawood-BookItalic
plwm	Leawood-Medium
plwmi	Leawood-MediumItalic
plgr	LetterGothic
plgb	LetterGothic-Bold
plgbo	LetterGothic-BoldSlanted
plgro	LetterGothic-Slanted
plfb	Life-Bold
plfri	Life-Italic
plfr	Life-Roman
plnrw	Linoscript
plnr	Linotext
ploc	Lithos-Black
plob	Lithos-Bold
ploi	Lithos-ExtraLight
plol	Lithos-Light
plor	Lithos-Regular
plbk	LubalinGraph-Book
plbko	LubalinGraph-BookOblique
plbd	LubalinGraph-Demi
plbdo	LubalinGraph-DemiOblique
plcr	Lucida
plcb	Lucida-Bold
plcbi	Lucida-BoldItalic
plcri	Lucida-Italic
plcv	LucidaMath-Extension
plcm	LucidaMath-Italic
plcy	LucidaMath-Symbol
plcrs	LucidaSans
plcbs	LucidaSans-Bold
plcbsi	LucidaSans-BoldItalic
plcrsi	LucidaSans-Italic
zpmicr	MICR
pmhr	Machine
phmb	Machine-Bold
pmrr	Madrone
zpmp1	MathematicalPi-One
zpmp2	MathematicalPi-Two
zpmp3	MathematicalPi-Three
zpmp4	MathematicalPi-Four
zpmp5	MathematicalPi-Five
zpmp6	MathematicalPi-Six
pmxr	Maximus
pmirw	MediciScript
pmlr	Melior
pmlb	Melior-Bold
pmlbi	Melior-BoldItalic
pmlri	Melior-Italic
pmpb	Memphis-Bold
pmpbi	Memphis-BoldItalic
pmpx	Memphis-ExtraBold
pmpl	Memphis-Light
pmpli	Memphis-LightItalic
pmpm	Memphis-Medium
pmpmi	Memphis-MediumItalic
pmdb	Meridien-Bold
pmdbi	Meridien-BoldItalic
pmdri	Meridien-Italic
pmdm	Meridien-Medium
pmdmi	Meridien-MediumItalic
pmdr	Meridien-Roman
pmqr	Mesquite
pmnc	Minion-Black
pmnb	Minion-Bold
pmnbi	Minion-BoldItalic
pmnrdi	Minion-DisplayItalic
pmnrd	Minion-DisplayRegular
pmnri	Minion-Italic
pmnrp	Minion-Ornaments
pmnr	Minion-Regular
pmns	Minion-Semibold
pmnsi	Minion-SemiboldItalic
pmnrwdi	Minion-SwashDisplayItalic
pmnrwi	Minion-SwashItalic
pmnswi	Minion-SwashSemiboldItalic
pmncx	MinionExp-Black
pmnbx	MinionExp-Bold
pmnbxi	MinionExp-BoldItalic
pmnrxdi	MinionExp-DisplayItalic
pmnrxd	MinionExp-DisplayRegular
pmnrxi	MinionExp-Italic
pmnrx	MinionExp-Regular
pmnrxs	MinionExp-Semibold
pmnrxsi	MinionExp-SemiboldItalic
pmtc	Minister-Black
pmtci	Minister-BlackItalic
pmtb	Minister-Bold
pmtbi	Minister-BoldItalic
pmtk	Minister-Book
pmtki	Minister-BookItalic
pmtl	Minister-Light
pmtli	Minister-LightItalic
pmsr	Mistral
pnzk	NeuzeitS-Book
pnzh	NeuzeitS-BookHeavy
pnar	NewAster
pnac	NewAster-Black
pnaci	NewAster-BlackItalic
pnab	NewAster-Bold
pnabi	NewAster-BoldItalic
pnari	NewAster-Italic
pnas	NewAster-SemiBold
pnasi	NewAster-SemiBoldItalic
pnbb	NewBaskerville-Bold
pnbbc	NewBaskerville-BoldSC
pnbbi	NewBaskerville-BoldItalic
pnbb9i	NewBaskerville-BoldItalicOsF
pnbri	NewBaskerville-Italic
pnbr9i	NewBaskerville-ItalicOsF
pnbr	NewBaskerville-Roman
pnbrc	NewBaskerville-SC
pndr	NewCaledonia
pndc	NewCaledonia-Black
pndci	NewCaledonia-BlackItalic
pndb	NewCaledonia-Bold
pndbc	NewCaledonia-BoldSC
pndbi	NewCaledonia-BoldItalic
pndb9i	NewCaledonia-BoldItalicOsF
pndri	NewCaledonia-Italic
pndr9i	NewCaledonia-ItalicOsF
pndrc	NewCaledonia-SC
pnds	NewCaledonia-SemiBold
pndsi	NewCaledonia-SemiBoldItalic
pncb	NewCenturySchlbk-Bold
pncbi	NewCenturySchlbk-BoldItalic
pncr3	NewCenturySchlbk-Fraction
pncb3	NewCenturySchlbk-FractionBold
pncri	NewCenturySchlbk-Italic
pncr	NewCenturySchlbk-Roman
pngr	NewsGothic
pngb	NewsGothic-Bold
pngbo	NewsGothic-BoldOblique
pngro	NewsGothic-Oblique
pnfb	Nofret-Bold
pnfbi	Nofret-BoldItalic
pnfri	Nofret-Italic
pnfl	Nofret-Light
pnfli	Nofret-LightItalic
pnfm	Nofret-Medium
pnfmi	Nofret-MediumItalic
pnfr	Nofret-Regular
pnvb	Novarese-Bold
pnvbi	Novarese-BoldItalic
pnvk	Novarese-Book
pnvki	Novarese-BookItalic
pnvm	Novarese-Medium
pnvmi	Novarese-MediumItalic
pnvu	Novarese-Ultra
pnurw	NuptialScript
poar	OCRA
pobr	OCRB
po7r	OldStyleSeven
po7ri	OldStyleSeven-Italic
po7r9i	OldStyleSeven-ItalicOsF
po7rc	OldStyleSeven-SC
poyr	Olympian
poyb	Olympian-Bold
poybi	Olympian-BoldItalic
poyri	Olympian-Italic
zpolylhp OlympicLH-Pi
pomr	Omnia
popr	Optima
popb	Optima-Bold
popbo	Optima-BoldOblique
popro	Optima-Oblique
porr	Orator
porro	Orator-Slanted
pplb	Palatino-Bold
pplb9	Palatino-BoldOsF
pplbi	Palatino-BoldItalic
pplb9i	Palatino-BoldItalicOsF
pplri	Palatino-Italic
pplr9i	Palatino-ItalicOsF
pplr	Palatino-Roman
pplrc	Palatino-SC
ppsr	Parisian
ppar	ParkAvenue
ppgb	Peignot-Bold
ppgd	Peignot-Demi
ppgl	Peignot-Light
pppr	Perpetua
pppb	Perpetua-Bold
pppbi	Perpetua-BoldItalic
pppri	Perpetua-Italic
ppir	Plantin
ppib	Plantin-Bold
ppibrc	Plantin-BoldCondensed
ppibi	Plantin-BoldItalic
ppiri	Plantin-Italic
ppil	Plantin-Light
ppili	Plantin-LightItalic
ppis	Plantin-Semibold
ppisi	Plantin-SemiboldItalic
ppor	Ponderosa
pp0r	Poplar
ppxc	PopplPontifex-Black
ppxb	PopplPontifex-Bold
ppxbrc	PopplPontifex-BoldCondensed
ppxri	PopplPontifex-Italic
ppxr	PopplPontifex-Roman
ppxrc	PopplPontifex-RomanSC
ppqb	PostAntiqua-Bold
ppqr	PostAntiqua-Roman
pptr	Present
pper	PrestigeElite
ppeb	PrestigeElite-Bold
ppebo	PrestigeElite-BoldSlanted
ppero	PrestigeElite-Slanted
pqrc	Quorum-Black
pqrb	Quorum-Bold
pqrk	Quorum-Book
pqrl	Quorum-Light
pqrm	Quorum-Medium
prar	Raleigh
prab	Raleigh-Bold
prad	Raleigh-DemiBold
pram	Raleigh-Medium
prpr2	Reporter-Two
prvr	Revue
prwr	Rockwell
prwb	Rockwell-Bold
prwbrc	Rockwell-BoldCondensed
prwbi	Rockwell-BoldItalic
prwrrc	Rockwell-Condensed
prwx	Rockwell-ExtraBold
prwri	Rockwell-Italic
prwl	Rockwell-Light
prwli	Rockwell-LightItalic
prors	RotisSansSerif
probs	RotisSansSerif-Bold
proxs	RotisSansSerif-ExtraBold
proris	RotisSansSerif-Italic
prols	RotisSansSerif-Light
prolis	RotisSansSerif-LightItalic
pro	RotisSemiSans
pro	RotisSemiSans-Bold
prox1	RotisSemiSans-ExtraBold
pror1i	RotisSemiSans-Italic
prol1	RotisSemiSans-Light
prol1i	RotisSemiSans-LightItalic
pror1	RotisSemiSerif
prob1	RotisSemiSerif-Bold
pror	RotisSerif
prob	RotisSerif-Bold
prori	RotisSerif-Italic
prqr	RussellSquare
prqro	RussellSquare-Oblique
zpryl7h	Ryumin-Light-78-H
zpryl7v	Ryumin-Light-78-V
zpryl8rh Ryumin-Light-83pv-RKSJ-H
zprylah	Ryumin-Light-Add-H
zprylav	Ryumin-Light-Add-V
zpryleh	Ryumin-Light-Ext-H
zprylev	Ryumin-Light-Ext-V
zprylh	Ryumin-Light-H
zprylv	Ryumin-Light-V
psbb	Sabon-Bold
psbb9	Sabon-BoldOsF
psbbi	Sabon-BoldItalic
psbb9i	Sabon-BoldItalicOsF
psbri	Sabon-Italic
psbr9i	Sabon-ItalicOsF
psbr	Sabon-Roman
psbrc	Sabon-RomanSC
ps0r	SanMarco
ps0r3	SanMarco-Dfr
zpssspri	Sassoon-Primary
psgr	SerifGothic
psgc	SerifGothic-Black
psgb	SerifGothic-Bold
psgx	SerifGothic-ExtraBold
psgh	SerifGothic-Heavy
psgl	SerifGothic-Light
psfc	Serifa-Black
psfb	Serifa-Bold
psfri	Serifa-Italic
psfl	Serifa-Light
psfli	Serifa-LightItalic
psfr	Serifa-Roman
zpsrliolh SerlioLH
pspb	Serpentine-Bold
pspbo	Serpentine-BoldOblique
pspl	Serpentine-Light
psplo	Serpentine-LightOblique
pspm	Serpentine-Medium
pspmo	Serpentine-MediumOblique
pshb	Shannon-Bold
pshk	Shannon-Book
pshx	Shannon-ExtraBold
pshro	Shannon-Oblique
zpshals	Shelley-AllegroScript
zpshans	Shelley-AndanteScript
zpshvos	Shelley-VolanteScript
pigr	SimonciniGaramond
pigb	SimonciniGaramond-Bold
pigri	SimonciniGaramond-Italic
pscc	Slimbach-Black
pscci	Slimbach-BlackItalic
pscb	Slimbach-Bold
pscbi	Slimbach-BoldItalic
psck	Slimbach-Book
pscki	Slimbach-BookItalic
pscm	Slimbach-Medium
pscmi	Slimbach-MediumItalic
psrcw	SnellRoundhand-BlackScript
psrbw	SnellRoundhand-BoldScript
psrrw	SnellRoundhand-Script
psor	Sonata
psvb	Souvenir-Bold
psvbi	Souvenir-BoldItalic
psvd	Souvenir-Demi
psvdi	Souvenir-DemiItalic
psvl	Souvenir-Light
psvli	Souvenir-LightItalic
psvm	Souvenir-Medium
psvmi	Souvenir-MediumItalic
psnk	Spartan-BookClassified
psnh	Spartan-HeavyClassified
pegb	StempelGaramond-Bold
pegb9	StempelGaramond-BoldOsF
pegbi	StempelGaramond-BoldItalic
pegb9i	StempelGaramond-BoldItalicOsF
pegri	StempelGaramond-Italic
pegr9i	StempelGaramond-ItalicOsF
pegr	StempelGaramond-Roman
pegrc	StempelGaramond-RomanSC
pssc	StempelSchneidler-Black
pssci	StempelSchneidler-BlackItalic
pssb	StempelSchneidler-Bold
pssbi	StempelSchneidler-BoldItalic
pssri	StempelSchneidler-Italic
pssl	StempelSchneidler-Light
pssli	StempelSchneidler-LightItalic
pssmi	StempelSchneidler-MedItalic
pssm	StempelSchneidler-Medium
pssr	StempelSchneidler-Roman
pslr	Stencil
pstrn	StoneInformal
pstbn	StoneInformal-Bold
pstbni	StoneInformal-BoldItalic
pstrni	StoneInformal-Italic
pstsn	StoneInformal-Semibold
pstsbni	StoneInformal-SemiboldItalic
pstrs	StoneSans
pstbs	StoneSans-Bold
pstbsi	StoneSans-BoldItalic
pst	StoneSans-Italic
pstss	StoneSans-Semibold
pstssi	StoneSans-SemiboldItalic
pstr	StoneSerif
pstb	StoneSerif-Bold
pstbi	StoneSerif-BoldItalic
pstri	StoneSerif-Italic
psts	StoneSerif-Semibold
pstsi	StoneSerif-SemiboldItalic
psyr	Symbol
psyc	Symbol-Black
psyci	Symbol-BlackItalic
psyb	Symbol-Bold
psybi	Symbol-BoldItalic
psyk	Symbol-Book
psyki	Symbol-BookItalic
psym	Symbol-Medium
psymi	Symbol-MediumItalic
psxc	Syntax-Black
psxb	Syntax-Bold
psxri	Syntax-Italic
psxr	Syntax-Roman
psxu	Syntax-UltraBlack
ptkr	Tekton
ptkb	Tekton-Bold
ptkbo	Tekton-BoldOblique
ptkro	Tekton-Oblique
ptphrc	Tempo-HeavyCondensed
ptphic	Tempo-HeavyCondensedItalic
ptfr	Tiffany
ptfd	Tiffany-Demi
ptfdi	Tiffany-DemiItalic
ptfh	Tiffany-Heavy
ptfhi	Tiffany-HeavyItalic
ptfri	Tiffany-Italic
ptmb	Times-Bold
ptmbi	Times-BoldItalic
ptmb9i	Times-BoldItalicOsF
ptmbc	Times-BoldSC
ptmx	Times-ExtraBold
ptmri	Times-Italic
ptmr9i	Times-ItalicOsF
ptmr	Times-Roman
ptmrc	Times-RomanSC
ptms	Times-Semibold
ptmsi	Times-SemiboldItalic
pteb	TimesEuropa-Bold
ptebi	TimesEuropa-BoldItalic
pteri	TimesEuropa-Italic
pter	TimesEuropa-Roman
pntr	TimesNewRomanPS
pntb	TimesNewRomanPS-Bold
pntbi	TimesNewRomanPS-BoldItalic
pntri	TimesNewRomanPS-Italic
ptmb10	TimesTen-Bold
ptmb910	TimesTen-BoldOsF
ptmbi10	TimesTen-BoldItalic
ptmb9i10 TimesTen-BoldItalicOsF
ptmri10	TimesTen-Italic
ptmb9i10 TimesTen-ItalicOsF
ptmr10	TimesTen-Roman
ptmrc10	TimesTen-RomanSC
ptgr	TradeGothic
ptgb	TradeGothic-Bold
ptgb20c	TradeGothic-BoldCondTwenty
ptgb20oc	TradeGothic-BoldCondTwentyObl
ptgbo	TradeGothic-BoldOblique
ptgb2	TradeGothic-BoldTwo
ptgb2o	TradeGothic-BoldTwoOblique
ptgr18c	TradeGothic-CondEighteen
ptgr18oc	TradeGothic-CondEighteenObl
ptgbrx	TradeGothicLH-BoldExtended
ptgrrx	TradeGothicLH-Extended
ptgl	TradeGothic-Light
ptglo	TradeGothic-LightOblique
ptgro	TradeGothic-Oblique
ptjb	Trajan-Bold
ptjr	Trajan-Regular
ptvb	TrumpMediaeval-Bold
ptvb9	TrumpMediaeval-BoldOsF
ptvbi	TrumpMediaeval-BoldItalic
ptvb9i	TrumpMediaeval-BoldItalicOsF
ptvri	TrumpMediaeval-Italic
ptvr9i	TrumpMediaeval-ItalicOsF
ptvr	TrumpMediaeval-Roman
ptvrc	TrumpMediaeval-SC
pumr	Umbra
punr	Univers
punc	Univers-Black
puncrx	Univers-BlackExt
puncox	Univers-BlackExtObl
punco	Univers-BlackOblique
punb	Univers-Bold
punbrx	Univers-BoldExt
punbox	Univers-BoldExtObl
punbo	Univers-BoldOblique
punrrc	Univers-Condensed
punbrc	Univers-CondensedBold
punboc	Univers-CondensedBoldOblique
punlrc	Univers-CondensedLight
punloc	Univers-CondensedLightOblique
punroc	Univers-CondensedOblique
punrrx	Univers-Extended
punrox	Univers-ExtendedObl
punx	Univers-ExtraBlack
punxrx	Univers-ExtraBlackExt
punxox	Univers-ExtraBlackExtObl
punxo	Univers-ExtraBlackObl
punl	Univers-Light
punlo	Univers-LightOblique
punlro	Univers-LightUltraCondensed
punro	Univers-Oblique
punhro	Univers-ThinUltraCondensed
punrro	Univers-UltraCondensed
pulrk	Universal-GreekwithMathPi
zpulrncp Universal-NewswithCommPi
puyr	UniversityRoman
puwc	Usherwood-Black
puwci	Usherwood-BlackItalic
puwb	Usherwood-Bold
puwbi	Usherwood-BoldItalic
puwk	Usherwood-Book
puwki	Usherwood-BookItalic
puwm	Usherwood-Medium
puwmi	Usherwood-MediumItalic
putc	Utopia-Black
putb	Utopia-Bold
putbi	Utopia-BoldItalic
putri	Utopia-Italic
putro	Utopia-Ornaments
putr	Utopia-Regular
puts	Utopia-Semibold
putsi	Utopia-SemiboldItalic
putrd	Utopia-Titling
putcx	UtopiaExp-Black
putbx	UtopiaExp-Bold
putbxi	UtopiaExp-BoldItalic
putrxi	UtopiaExp-Italic
putrx	UtopiaExp-Regular
putsx	UtopiaExp-Semibold
putsxi	UtopiaExp-SemiboldItalic
pvrc	VAGRounded-Black
pvrb	VAGRounded-Bold
pvrl	VAGRounded-Light
pvrrrt	VAGRounded-Thin
pvcc	VectoraLH-Black
pvcci	VectoraLH-BlackItalic
pvcb	VectoraLH-Bold
pvcbi	VectoraLH-BoldItalic
pvcri	VectoraLH-Italic
pvcl	VectoraLH-Light
pvcli	VectoraLH-LightItalic
pvcr	VectoraLH-Roman
pvjc	Veljovic-Black
pvjci	Veljovic-BlackItalic
pvjb	Veljovic-Bold
pvjbi	Veljovic-BoldItalic
pvjk	Veljovic-Book
pvjki	Veljovic-BookItalic
pvjm	Veljovic-Medium
pvjmi	Veljovic-MediumItalic
pvlc	Versailles-Black
pvlci	Versailles-BlackItalic
pvlb	Versailles-Bold
pvlbi	Versailles-BoldItalic
pvlri	Versailles-Italic
pvll	Versailles-Light
pvlli	Versailles-LightItalic
pvlr	Versailles-Roman
pwbb	Walbaum-Bold
pwbb9	Walbaum-BoldOsF
pwbbi	Walbaum-BoldItalic
pwbb9i	Walbaum-BoldItalicOsF
pwbri	Walbaum-Italic
pwbr9i	Walbaum-ItalicOsF
pwbr	Walbaum-Roman
pwbrc	Walbaum-RomanSC
zpwarnlhp WarningLH-Pi
pwdc	Weidemann-Black
pwdci	Weidemann-BlackItalic
pwdb	Weidemann-Bold
pwdbi	Weidemann-BoldItalic
pwdk	Weidemann-Book
pwdki	Weidemann-BookItalic
pwdm	Weidemann-Medium
pwdmi	Weidemann-MediumItalic
pwsr	Weiss
pwsb	Weiss-Bold
pwsx	Weiss-ExtraBold
pwsri	Weiss-Italic
pwgr	WilhelmKlingsporGotisch
pwgr2	WilhelmKlingsporGotisch-Dfr
pwkc	Wilke-Black
pwkci	Wilke-BlackItalic
pwkb	Wilke-Bold
pwkbi	Wilke-BoldItalic
pwkri	Wilke-Italic
pwkr	Wilke-Roman
pwwr	Willow
zpwo1	WoodtypeOrnaments-One
zpwo2	WoodtypeOrnaments-Two
pzcb	ZapfChancery-Bold
pzcd	ZapfChancery-Demi
pzcri	ZapfChancery-Italic
pzcl	ZapfChancery-Light
pzcli	ZapfChancery-LightItalic
pzcmi	ZapfChancery-MediumItalic
pzcr	ZapfChancery-Roman
pzdr	ZapfDingbats
